1513614491.61::RT @chadderr: Note that @SenBobCorker is estimated to have about $8 million in this type of income. So from this provision alone,\u2026 
1513614491.8::RT @CharlesPPierce: Bob Corker Is Shocked\u2014SHOCKED! https:\/\/t.co\/9kOmWTFbkr
1513614491.89::RT @Jansant: The real headline today:\n\nEducation cuts to pay for lower corporate tax rates. #auspol
1513614492.01::RT @davidsirota: Worth remembering when you think about the Corker story: With McCain out, if Corker and Flake or Collins vote no, T\u2026 
1513614492.12::RT @ttmygh: Washington is rotten to the core. On both sides. The only thing that will save us is the return of shame. I for one\u2026 
1513614492.17::Bob Corker Is Shocked\u2014SHOCKED\u2014and I am not:\nhttps:\/\/t.co\/LQsi6XaHM7 via @Esquire
1513614492.26::RT @timkaine: I get the feeling that this entire GOP tax bill is just a giant #TrumpGiveaway.\n\nhttps:\/\/t.co\/JWa9iwpy0f
1513614492.45::RT @DeanBaker13: Senator Corker does considerably better with the Republican tax bill than a married couple earning $30,000, with tw\u2026 
1513614492.99::RT @ColMorrisDavis: Must be nice to be @realDonaldTrump and @SenBobCorker where you can just drop in a little something to sweeten the\u2026 
1513614493.37::RT @MarkDice: Only a wealthy elitist would whine that their mortgage interest deduction is capped at $750,000 dollars.  Thank you\u2026 
1513614493.51::RT @davidsirota: BREAKING: Sen. @JohnCornyn tells @ThisWeekABC that last-minute provision enriching @SenBobCorker &amp; other GOP lawmak\u2026 
1513614493.63::Majority of them must have voted for Namo, in the country where scams are worth lakhs of crore had any big alleged\u2026 https:\/\/t.co\/gbxwYPSlyc","display_text_range":[0,140],"source":"\u003ca href=\"http:\/\/twitter.com\/download\/android\" rel=\"nofollow\"\u003eTwitter for Android\u003c\/a\u003e","truncated":true,"in_reply_to_status_id":null,"in_reply_to_status_id_str":null,"in_reply_to_user_id":null,"in_reply_to_user_id_str":null,"in_reply_to_screen_name":null,"user":{"id":111258784,"id_str":"111258784","name":"Amit Joshi","screen_name":"Amit_Joshi07","location":"Ranchi, India","url":null,"description":"Tweets Personal RT not endorsement.","translator_type":"regular","protected":false,"verified":false,"followers_count":234,"friends_count":324,"listed_count":17,"favourites_count":3255,"statuses_count":17444,"created_at":"Thu Feb 04 09:13:59 +0000 2010","utc_offset":19800,"time_zone":"New Delhi","geo_enabled":true,"lang":"en","contributors_enabled":false,"is_translator":false,"profile_background_color":"C0DEED","profile_background_image_url":"http:\/\/abs.twimg.com\/images\/themes\/theme1\/bg.png","profile_background_image_url_https":"https:\/\/abs.twimg.com\/images\/themes\/theme1\/bg.png","profile_background_tile":false,"profile_link_color":"89C9FA","profile_sidebar_border_color":"C0DEED","profile_sidebar_fill_color":"DDEEF6","profile_text_color":"333333","profile_use_background_image":true,"profile_image_url":"http:\/\/pbs.twimg.com\/profile_images\/927931997934067712\/EAE37hx-_normal.jpg","profile_image_url_https":"https:\/\/pbs.twimg.com\/profile_images\/927931997934067712\/EAE37hx-_normal.jpg","default_profile":false,"default_profile_image":false,"following":null,"follow_request_sent":null,"notifications":null},"geo":null,"coordinates":null,"place":null,"contributors":null,"quoted_status_id":942792061547249665,"quoted_status_id_str":"942792061547249665","quoted_status":{"created_at":"Mon Dec 18 16:21:58 +0000 2017","id":942792061547249665,"id_str":"942792061547249665"
1513614494.1::RT @tribelaw: #CorkerKickback could do in this monstrosity of a tax bill if enough people pay attention to what the GOP is trying\u2026 
1513614494.24::RT @DLeonhardt: Most members of the middle class and poor pay a higher total tax rate than they did a half century ago. The rich pa\u2026 
1513614494.73::RT @jonfavs: Republican is disgusted that a journalist read the bill and discovered a loophole that would allow real estate mogu\u2026 
1513614494.84::RT @washingtonpost: Opinion: The most infuriating falsehoods about the tax bill and those who told them https:\/\/t.co\/OIKPeP7ie2
1513614494.94::@seculardotorg Corporations are already making record profits, lowering their tax will not make them bring the job\u2026 https:\/\/t.co\/pCWyKPHfkG","display_text_range":[15,140],"source":"\u003ca href=\"http:\/\/twitter.com\/download\/android\" rel=\"nofollow\"\u003eTwitter for Android\u003c\/a\u003e","truncated":true,"in_reply_to_status_id":942788643256664064,"in_reply_to_status_id_str":"942788643256664064","in_reply_to_user_id":39319668,"in_reply_to_user_id_str":"39319668","in_reply_to_screen_name":"seculardotorg","user":{"id":2340729788,"id_str":"2340729788","name":"DJ Burn","screen_name":"DJBurn77","location":"Los Angeles, CA","url":"http:\/\/www.djburn.net\/","description":"Hip Hop Artist, Disc Jockey(DJ), Producer & CEO and Founder of Ascent Entertainment,Inc.","translator_type":"none","protected":false,"verified":false,"followers_count":5512,"friends_count":3,"listed_count":60,"favourites_count":351,"statuses_count":17896,"created_at":"Wed Feb 12 18:05:51 +0000 2014","utc_offset":-28800,"time_zone":"America\/Los_Angeles","geo_enabled":true,"lang":"en","contributors_enabled":false,"is_translator":false,"profile_background_color":"C0DEED","profile_background_image_url":"http:\/\/abs.twimg.com\/images\/themes\/theme1\/bg.png","profile_background_image_url_https":"https:\/\/abs.twimg.com\/images\/themes\/theme1\/bg.png","profile_background_tile":false,"profile_link_color":"1DA1F2","profile_sidebar_border_color":"C0DEED","profile_sidebar_fill_color":"DDEEF6","profile_text_color":"333333","profile_use_background_image":true,"profile_image_url":"http:\/\/pbs.twimg.com\/profile_images\/904548000877260800\/Cckfi_5d_normal.jpg","profile_image_url_https":"https:\/\/pbs.twimg.com\/profile_images\/904548000877260800\/Cckfi_5d_normal.jpg","profile_banner_url":"https:\/\/pbs.twimg.com\/profile_banners\/2340729788\/1512032239","default_profile":true,"default_profile_image":false,"following":null,"follow_request_sent":null,"notifications":null},"geo":null,"coordinates":null,"place":null,"contributors":null,"is_quote_status":false,"extended_tweet":{"full_text":"@seculardotorg Corporations are already making record profits, lowering their tax will not make them bring the job back to the United States, When they can go to a tax haven country and pay 0 tax that is what for profit corporation do maximize their profit - so you know  https:\/\/t.co\/lNYkl2uRqo","display_text_range":[15,295],"entities":{"hashtags":[],"urls":[{"url":"https:\/\/t.co\/lNYkl2uRqo","expanded_url":"http:\/\/www.soyouknow.info\/blog\/goptaxcut","display_url":"soyouknow.info\/blog\/goptaxcut","indices":[272,295]}],"user_mentions":[{"screen_name":"seculardotorg","name":"Secular Coalition for America","id":39319668,"id_str":"39319668","indices":[0,14]}],"symbols":[]}},"quote_count":0,"reply_count":0,"retweet_count":0,"favorite_count":0,"entities":{"hashtags":[],"urls":[{"url":"https:\/\/t.co\/pCWyKPHfkG","expanded_url":"https:\/\/twitter.com\/i\/web\/status\/942793624642666496","display_url":"twitter.com\/i\/web\/status\/9\u2026","indices":[116,139]}],"user_mentions":[{"screen_name":"seculardotorg","name":"Secular Coalition for America","id":39319668,"id_str":"39319668","indices":[0,14]}],"symbols":[]},"favorited":false,"retweeted":false,"possibly_sensitive":false,"filter_level":"low","lang":"en","timestamp_ms":"1513614491030"}

1513614495.07::RT @igorvolsky: RT IF YOU AGREE CONGRESS SHOULD NOT VOTE ON THE TAX BILL UNTIL:\n\nALL PROVISIONS BENEFITING GOP SENATORS &amp; THEIR DONORS ARE\u2026
1513614495.25::RT @davidsirota: Excellent Vox piece on Sen. @JohnCornyn admitting a provision that enriches @BobCorker @SpeakeRyan and top GOP lawm\u2026 
1513614495.39::RT @AmericaVotes: HB 372 would effectively function as a post-election poll tax, ultimately having a negative impact on the future of\u2026 
1513614495.58::RT @AZeesman: @GOP @IvankaTrump This is not an interview, but actually, it's a propaganda speech\nThis is a duplication of the spe\u2026 
1513614495.66::@SteveFranssen Based wyoming with the 0% state income tax","display_text_range":[15,57],"source":"\u003ca href=\"http:\/\/twitter.com\/download\/android\" rel=\"nofollow\"\u003eTwitter for Android\u003c\/a\u003e","truncated":false,"in_reply_to_status_id":942792260076281856,"in_reply_to_status_id_str":"942792260076281856","in_reply_to_user_id":521167914,"in_reply_to_user_id_str":"521167914","in_reply_to_screen_name":"SteveFranssen","user":{"id":824354561095847938,"id_str":"824354561095847938","name":"\ud83c\udff9\u03c2\u0452\u0454\u03c2\u043a\u0454\u0e53'\u03c2\u0452\u0e04\u0433\u026d\u0454\u0e23","screen_name":"CheckemCharles","location":"Allegheny National Forest","url":null,"description":"In the pennsylvania woods\ud83c\udf32, hiding from ZOG. Fungus-American\ud83c\udf44","translator_type":"none","protected":false,"verified":false,"followers_count":119,"friends_count":238,"listed_count":2,"favourites_count":5479,"statuses_count":1630,"created_at":"Wed Jan 25 20:33:37 +0000 2017","utc_offset":null,"time_zone":null,"geo_enabled":false,"lang":"en","contributors_enabled":false,"is_translator":false,"profile_background_color":"F5F8FA","profile_background_image_url":"","profile_background_image_url_https":"","profile_background_tile":false,"profile_link_color":"1DA1F2","profile_sidebar_border_color":"C0DEED","profile_sidebar_fill_color":"DDEEF6","profile_text_color":"333333","profile_use_background_image":true,"profile_image_url":"http:\/\/pbs.twimg.com\/profile_images\/923607182729449473\/h0dcUHgc_normal.jpg","profile_image_url_https":"https:\/\/pbs.twimg.com\/profile_images\/923607182729449473\/h0dcUHgc_normal.jpg","profile_banner_url":"https:\/\/pbs.twimg.com\/profile_banners\/824354561095847938\/1511386427","default_profile":true,"default_profile_image":false,"following":null,"follow_request_sent":null,"notifications":null},"geo":null,"coordinates":null,"place":null,"contributors":null,"is_quote_status":false,"quote_count":0,"reply_count":0,"retweet_count":0,"favorite_count":0,"entities":{"hashtags":[],"urls":[],"user_mentions":[{"screen_name":"SteveFranssen","name":"Steve Franssen \ud83c\uddfa\ud83c\uddf8","id":521167914,"id_str":"521167914","indices":[0,14]}],"symbols":[]},"favorited":false,"retweeted":false,"filter_level":"low","lang":"en","timestamp_ms":"1513614491172"}

1513614495.81::RT @JRubinBlogger: UP: Sen.-elect Doug Jones\nDOWN: Chances Republicans keep the Senate majority in 2018\nUP: Number of broken promises\u2026 
1513614495.9::@jonfavs Let's be careful...they gave some crumbs such that 75% of filers will get a tax cut...Withholding from W2s\u2026 https:\/\/t.co\/pjBxPci1Kv","display_text_range":[9,140],"source":"\u003ca href=\"http:\/\/twitter.com\" rel=\"nofollow\"\u003eTwitter Web Client\u003c\/a\u003e","truncated":true,"in_reply_to_status_id":942793318513000448,"in_reply_to_status_id_str":"942793318513000448","in_reply_to_user_id":130496027,"in_reply_to_user_id_str":"130496027","in_reply_to_screen_name":"jonfavs","user":{"id":836774536779558912,"id_str":"836774536779558912","name":"Henry","screen_name":"Fdr1942","location":"USA","url":null,"description":"\u201cFew men are willing to brave the disapproval of their fellows, the censure of their colleagues, the wrath of their society. Moral courage is a rare commodity\"","translator_type":"none","protected":false,"verified":false,"followers_count":341,"friends_count":221,"listed_count":4,"favourites_count":45942,"statuses_count":25459,"created_at":"Wed Mar 01 03:06:10 +0000 2017","utc_offset":null,"time_zone":null,"geo_enabled":false,"lang":"en","contributors_enabled":false,"is_translator":false,"profile_background_color":"F5F8FA","profile_background_image_url":"","profile_background_image_url_https":"","profile_background_tile":false,"profile_link_color":"1DA1F2","profile_sidebar_border_color":"C0DEED","profile_sidebar_fill_color":"DDEEF6","profile_text_color":"333333","profile_use_background_image":true,"profile_image_url":"http:\/\/pbs.twimg.com\/profile_images\/836778476224950272\/xWt5d-zq_normal.jpg","profile_image_url_https":"https:\/\/pbs.twimg.com\/profile_images\/836778476224950272\/xWt5d-zq_normal.jpg","profile_banner_url":"https:\/\/pbs.twimg.com\/profile_banners\/836774536779558912\/1488338673","default_profile":true,"default_profile_image":false,"following":null,"follow_request_sent":null,"notifications":null},"geo":null,"coordinates":null,"place":null,"contributors":null,"is_quote_status":false,"extended_tweet":{"full_text":"@jonfavs Let's be careful...they gave some crumbs such that 75% of filers will get a tax cut...Withholding from W2s will change by spring, before the mid-terms.. CNN will have calculators for people to see impact\n\nWouldn't be stunned if popularity rises as people see they get a cut","display_text_range":[9,282],"entities":{"hashtags":[],"urls":[],"user_mentions":[{"screen_name":"jonfavs","name":"Jon Favreau","id":130496027,"id_str":"130496027","indices":[0,8]}],"symbols":[]}},"quote_count":0,"reply_count":0,"retweet_count":0,"favorite_count":0,"entities":{"hashtags":[],"urls":[{"url":"https:\/\/t.co\/pjBxPci1Kv","expanded_url":"https:\/\/twitter.com\/i\/web\/status\/942793625402044421","display_url":"twitter.com\/i\/web\/status\/9\u2026","indices":[117,140]}],"user_mentions":[{"screen_name":"jonfavs","name":"Jon Favreau","id":130496027,"id_str":"130496027","indices":[0,8]}],"symbols":[]},"favorited":false,"retweeted":false,"filter_level":"low","lang":"en","timestamp_ms":"1513614491211"}

1513614496.18::RT @EzraBridger2017: .@SenateGOP @HouseGOP STOP this charade! Your so-called tax scam is a lie. Making the rich richer, taking away heal\u2026 
1513614496.3::RT @CharlesPPierce: Bob Corker Is Shocked\u2014SHOCKED! https:\/\/t.co\/9kOmWTFbkr
1513614496.49::RT @davidsirota: Excellent Vox piece on Sen. @JohnCornyn admitting a provision that enriches @BobCorker @SpeakeRyan and top GOP lawm\u2026 
1513614496.63::GOP has passed their tax plan. Here's the break down. #taxplan\nhttps:\/\/t.co\/lunC01gjA4 https:\/\/t.co\/e7dhu0I6lE","display_text_range":[0,86],"source":"\u003ca href=\"http:\/\/bufferapp.com\" rel=\"nofollow\"\u003eBuffer\u003c\/a\u003e","truncated":false,"in_reply_to_status_id":null,"in_reply_to_status_id_str":null,"in_reply_to_user_id":null,"in_reply_to_user_id_str":null,"in_reply_to_screen_name":null,"user":{"id":4759727066,"id_str":"4759727066","name":"Tony Madsen, CFP\u00ae","screen_name":"NewLeafGuidance","location":"Redwood Falls, MN","url":"http:\/\/www.newleaffinancialguidance.com","description":"Husband | Father | Financial Planner For Medical Professionals | Coffee Addict | MN Sports Fanatic | Terrible Golfer","translator_type":"none","protected":false,"verified":false,"followers_count":153,"friends_count":387,"listed_count":1,"favourites_count":57,"statuses_count":779,"created_at":"Thu Jan 14 20:46:55 +0000 2016","utc_offset":-21600,"time_zone":"Central Time (US & Canada)","geo_enabled":true,"lang":"en","contributors_enabled":false,"is_translator":false,"profile_background_color":"000000","profile_background_image_url":"http:\/\/abs.twimg.com\/images\/themes\/theme1\/bg.png","profile_background_image_url_https":"https:\/\/abs.twimg.com\/images\/themes\/theme1\/bg.png","profile_background_tile":false,"profile_link_color":"F37D28","profile_sidebar_border_color":"000000","profile_sidebar_fill_color":"000000","profile_text_color":"000000","profile_use_background_image":false,"profile_image_url":"http:\/\/pbs.twimg.com\/profile_images\/689659791854034944\/tYmfiUsg_normal.jpg","profile_image_url_https":"https:\/\/pbs.twimg.com\/profile_images\/689659791854034944\/tYmfiUsg_normal.jpg","profile_banner_url":"https:\/\/pbs.twimg.com\/profile_banners\/4759727066\/1452889409","default_profile":false,"default_profile_image":false,"following":null,"follow_request_sent":null,"notifications":null},"geo":null,"coordinates":null,"place":null,"contributors":null,"is_quote_status":false,"quote_count":0,"reply_count":0,"retweet_count":0,"favorite_count":0,"entities":{"hashtags":[{"text":"taxplan","indices":[54,62]}],"urls":[{"url":"https:\/\/t.co\/lunC01gjA4","expanded_url":"https:\/\/buff.ly\/2BytPmf","display_url":"buff.ly\/2BytPmf","indices":[63,86]}],"user_mentions":[],"symbols":[],"media":[{"id":942793622050684928,"id_str":"942793622050684928","indices":[87,110],"media_url":"http:\/\/pbs.twimg.com\/media\/DRV5zdrVwAAKHGv.jpg","media_url_https":"https:\/\/pbs.twimg.com\/media\/DRV5zdrVwAAKHGv.jpg","url":"https:\/\/t.co\/e7dhu0I6lE","display_url":"pic.twitter.com\/e7dhu0I6lE","expanded_url":"https:\/\/twitter.com\/NewLeafGuidance\/status\/942793624294699008\/photo\/1","type":"photo","sizes":{"small":{"w":680,"h":383,"resize":"fit"},"large":{"w":780,"h":439,"resize":"fit"},"thumb":{"w":150,"h":150,"resize":"crop"},"medium":{"w":780,"h":439,"resize":"fit"}}}]},"extended_entities":{"media":[{"id":942793622050684928,"id_str":"942793622050684928","indices":[87,110],"media_url":"http:\/\/pbs.twimg.com\/media\/DRV5zdrVwAAKHGv.jpg","media_url_https":"https:\/\/pbs.twimg.com\/media\/DRV5zdrVwAAKHGv.jpg","url":"https:\/\/t.co\/e7dhu0I6lE","display_url":"pic.twitter.com\/e7dhu0I6lE","expanded_url":"https:\/\/twitter.com\/NewLeafGuidance\/status\/942793624294699008\/photo\/1","type":"photo","sizes":{"small":{"w":680,"h":383,"resize":"fit"},"large":{"w":780,"h":439,"resize":"fit"},"thumb":{"w":150,"h":150,"resize":"crop"},"medium":{"w":780,"h":439,"resize":"fit"}}}]},"favorited":false,"retweeted":false,"possibly_sensitive":false,"filter_level":"low","lang":"en","timestamp_ms":"1513614490947"}

1513614497.2::RT @LittleLobbyists: Any GOP senator who claims to support CHIP could simply say they won't vote for the tax bill until CHIP passes. CHI\u2026 
1513614497.35::Of course it will. https:\/\/t.co\/V6mLte8BdH","display_text_range":[0,18],"source":"\u003ca href=\"http:\/\/twitter.com\/download\/iphone\" rel=\"nofollow\"\u003eTwitter for iPhone\u003c\/a\u003e","truncated":false,"in_reply_to_status_id":null,"in_reply_to_status_id_str":null,"in_reply_to_user_id":null,"in_reply_to_user_id_str":null,"in_reply_to_screen_name":null,"user":{"id":2562420822,"id_str":"2562420822","name":"Gretchen Vork","screen_name":"GretchenVork","location":null,"url":null,"description":"Booklover with a passion for roses.","translator_type":"none","protected":false,"verified":false,"followers_count":236,"friends_count":167,"listed_count":5,"favourites_count":188,"statuses_count":52272,"created_at":"Thu Jun 12 01:39:43 +0000 2014","utc_offset":null,"time_zone":null,"geo_enabled":true,"lang":"en","contributors_enabled":false,"is_translator":false,"profile_background_color":"C0DEED","profile_background_image_url":"http:\/\/abs.twimg.com\/images\/themes\/theme1\/bg.png","profile_background_image_url_https":"https:\/\/abs.twimg.com\/images\/themes\/theme1\/bg.png","profile_background_tile":false,"profile_link_color":"1DA1F2","profile_sidebar_border_color":"C0DEED","profile_sidebar_fill_color":"DDEEF6","profile_text_color":"333333","profile_use_background_image":true,"profile_image_url":"http:\/\/pbs.twimg.com\/profile_images\/476907196777648128\/m2jg_Uae_normal.jpeg","profile_image_url_https":"https:\/\/pbs.twimg.com\/profile_images\/476907196777648128\/m2jg_Uae_normal.jpeg","profile_banner_url":"https:\/\/pbs.twimg.com\/profile_banners\/2562420822\/1402539501","default_profile":true,"default_profile_image":false,"following":null,"follow_request_sent":null,"notifications":null},"geo":null,"coordinates":null,"place":{"id":"78775f08fd153aed","url":"https:\/\/api.twitter.com\/1.1\/geo\/id\/78775f08fd153aed.json","place_type":"city","name":"St Cloud","full_name":"St Cloud, MN","country_code":"US","country":"United States","bounding_box":{"type":"Polygon","coordinates":[[[-94.260166,45.471059],[-94.260166,45.590382],[-94.109661,45.590382],[-94.109661,45.471059]]]},"attributes":{}},"contributors":null,"quoted_status_id":942791606993858561,"quoted_status_id_str":"942791606993858561","quoted_status":{"created_at":"Mon Dec 18 16:20:09 +0000 2017","id":942791606993858561,"id_str":"942791606993858561"
1513614497.81::RT @jonfavs: Republican is disgusted that a journalist read the bill and discovered a loophole that would allow real estate mogu\u2026 
1513614497.91::\"https:\/\/t.co\/QOKBMkhNIw\"US Senator John McCain to miss key tax vote #\u0395\u03b9\u03b4\u03ae\u03c3\u03b5\u03b9\u03c2 #News #Noticias #Nouvelles #\u041d\u043e\u0432\u043e\u0441\u0442\u0438 https:\/\/t.co\/SXbxzuf6PU
1513614497.97::#Siddaramaiah \nAnnouncing loan waiver...How does he thinks it's his personal feafdom . Mr. C M , it's tax payers mo\u2026 https:\/\/t.co\/oioVNTrYZK
1513614498.1::RT @aabramson: Ivanka Trump on Democrats not supporting tax reform: \"We've had a lot of very productive conversations with Democra\u2026 
1513614498.2::NEED LAST MINUTE CHRISTMAS GIFTS? Only $6.99 plus tax!!!!! https:\/\/t.co\/iJLmh1X0ZI","display_text_range":[0,58],"source":"\u003ca href=\"http:\/\/twitter.com\/download\/iphone\" rel=\"nofollow\"\u003eTwitter for iPhone\u003c\/a\u003e","truncated":false,"in_reply_to_status_id":null,"in_reply_to_status_id_str":null,"in_reply_to_user_id":null,"in_reply_to_user_id_str":null,"in_reply_to_screen_name":null,"user":{"id":897290238883745792,"id_str":"897290238883745792","name":"C-PASS","screen_name":"CPASS_LLC","location":"304B Sandras Street Larose, LA","url":"https:\/\/m.facebook.com\/cpassllc\/?tsid=0.9596754718064896&source=result","description":"Coastal Printing and Signs Solutions-Call us today for any custom printing, vinyl shirts\/ stickers, signs, embroidery, screen printing, or engraving! (693-7390)","translator_type":"none","protected":false,"verified":false,"followers_count":47,"friends_count":607,"listed_count":0,"favourites_count":0,"statuses_count":22,"created_at":"Tue Aug 15 02:53:58 +0000 2017","utc_offset":null,"time_zone":null,"geo_enabled":false,"lang":"en","contributors_enabled":false,"is_translator":false,"profile_background_color":"F5F8FA","profile_background_image_url":"","profile_background_image_url_https":"","profile_background_tile":false,"profile_link_color":"1DA1F2","profile_sidebar_border_color":"C0DEED","profile_sidebar_fill_color":"DDEEF6","profile_text_color":"333333","profile_use_background_image":true,"profile_image_url":"http:\/\/pbs.twimg.com\/profile_images\/897292178631921664\/jUK-Fpav_normal.jpg","profile_image_url_https":"https:\/\/pbs.twimg.com\/profile_images\/897292178631921664\/jUK-Fpav_normal.jpg","profile_banner_url":"https:\/\/pbs.twimg.com\/profile_banners\/897290238883745792\/1507563498","default_profile":true,"default_profile_image":false,"following":null,"follow_request_sent":null,"notifications":null},"geo":null,"coordinates":null,"place":null,"contributors":null,"is_quote_status":false,"quote_count":0,"reply_count":0,"retweet_count":0,"favorite_count":0,"entities":{"hashtags":[],"urls":[],"user_mentions":[],"symbols":[],"media":[{"id":942793589968523264,"id_str":"942793589968523264","indices":[59,82],"media_url":"http:\/\/pbs.twimg.com\/media\/DRV5xmKW0AAwSkM.jpg","media_url_https":"https:\/\/pbs.twimg.com\/media\/DRV5xmKW0AAwSkM.jpg","url":"https:\/\/t.co\/iJLmh1X0ZI","display_url":"pic.twitter.com\/iJLmh1X0ZI","expanded_url":"https:\/\/twitter.com\/CPASS_LLC\/status\/942793625783734272\/photo\/1","type":"photo","sizes":{"small":{"w":517,"h":680,"resize":"fit"},"large":{"w":1242,"h":1634,"resize":"fit"},"thumb":{"w":150,"h":150,"resize":"crop"},"medium":{"w":912,"h":1200,"resize":"fit"}}}]},"extended_entities":{"media":[{"id":942793589968523264,"id_str":"942793589968523264","indices":[59,82],"media_url":"http:\/\/pbs.twimg.com\/media\/DRV5xmKW0AAwSkM.jpg","media_url_https":"https:\/\/pbs.twimg.com\/media\/DRV5xmKW0AAwSkM.jpg","url":"https:\/\/t.co\/iJLmh1X0ZI","display_url":"pic.twitter.com\/iJLmh1X0ZI","expanded_url":"https:\/\/twitter.com\/CPASS_LLC\/status\/942793625783734272\/photo\/1","type":"photo","sizes":{"small":{"w":517,"h":680,"resize":"fit"},"large":{"w":1242,"h":1634,"resize":"fit"},"thumb":{"w":150,"h":150,"resize":"crop"},"medium":{"w":912,"h":1200,"resize":"fit"}}}]},"favorited":false,"retweeted":false,"possibly_sensitive":false,"filter_level":"low","lang":"en","timestamp_ms":"1513614491302"}

1513614498.33::RT @jaketapper: .@GeneSperling says the tax bill will send jobs overseas  https:\/\/t.co\/BlNuUX6qmA
1513614498.46::RT @Memling2: @tedlieu What's @SenatorCollins's excuse...other than her own tax cut? @lisamurkowski at least gets to destroy the Alaska Wil\u2026
1513614498.59::RT @WIONews: Income Tax to send notices to 4-5 lakh people trading in #bitcoin. https:\/\/t.co\/kyVBwzLoee
1513614498.73::RT @RepMarkTakano: Did Sen. Corker decide to support the tax bill after they added a provision that would enrich him...or did he decid\u2026 
1513614498.9::So the tax bill cuts taxes for corporations, gives rich people more money, raises taxes on middle class, AND ships\u2026 https:\/\/t.co\/2Yd4MFk3tf
1513614499.08::RT @CongressmanRaja: They\u2019re releasing this bill on a Friday so no one will read it and I can understand why: if I ever wrote a bill thi\u2026 
1513614499.23::RT @ASlavitt: This is a huge deal. It amounts to theft of our treasury in the tax bill by the President &amp; Bob Corker. This needs\u2026 
1513614499.55::Delay the vote &amp; force yourself to study the bill before voting. @ChuckGrassley @SenJoniErnst @RepDavidYoung Iowans\u2026 https:\/\/t.co\/7OQvX4rMsK","display_text_range":[0,140],"source":"\u003ca href=\"http:\/\/twitter.com\/#!\/download\/ipad\" rel=\"nofollow\"\u003eTwitter for iPad\u003c\/a\u003e","truncated":true,"in_reply_to_status_id":null,"in_reply_to_status_id_str":null,"in_reply_to_user_id":null,"in_reply_to_user_id_str":null,"in_reply_to_screen_name":null,"user":{"id":776514789329793024,"id_str":"776514789329793024","name":"Ruth Schroeder","screen_name":"RuthSchroeder18","location":"Iowa, USA","url":null,"description":null,"translator_type":"none","protected":false,"verified":false,"followers_count":294,"friends_count":442,"listed_count":53,"favourites_count":65756,"statuses_count":59287,"created_at":"Thu Sep 15 20:15:28 +0000 2016","utc_offset":null,"time_zone":null,"geo_enabled":false,"lang":"en","contributors_enabled":false,"is_translator":false,"profile_background_color":"F5F8FA","profile_background_image_url":"","profile_background_image_url_https":"","profile_background_tile":false,"profile_link_color":"1DA1F2","profile_sidebar_border_color":"C0DEED","profile_sidebar_fill_color":"DDEEF6","profile_text_color":"333333","profile_use_background_image":true,"profile_image_url":"http:\/\/pbs.twimg.com\/profile_images\/839448402484158464\/KEDHISn__normal.jpg","profile_image_url_https":"https:\/\/pbs.twimg.com\/profile_images\/839448402484158464\/KEDHISn__normal.jpg","profile_banner_url":"https:\/\/pbs.twimg.com\/profile_banners\/776514789329793024\/1482435074","default_profile":true,"default_profile_image":false,"following":null,"follow_request_sent":null,"notifications":null},"geo":null,"coordinates":null,"place":null,"contributors":null,"quoted_status_id":942598557621800961,"quoted_status_id_str":"942598557621800961","quoted_status":{"created_at":"Mon Dec 18 03:33:03 +0000 2017","id":942598557621800961,"id_str":"942598557621800961"
1513614500.07::RT @will_c_fischer: And we\u2019re about to give tax cuts to billionaires. https:\/\/t.co\/FxK129QDJV
1513614500.7::RT @fawfulfan: \u201cI demand to know how all this jewelry was crammed into my pocket before I left the store without paying for it!\u201d\u2026 
1513614500.86::RT @johncardillo: 2016: Trump hates Jews!\n2017: Trump is a Zionist puppet!\n\n2016: Trump will appoint liberal judges!\n2017: Gorsuch an\u2026 
1513614501.41::RT @RepJudyChu: If a bill is so mysterious you have to write a letter demanding answers, it's not a bill ready for a vote. https:\/\/t.co\/NU1\u2026
1513614501.57::RT @davidsirota: It appears the hashtag #corkerkickback is starting to trend. Here\u2019s the story at the heart of it \u2014 please retweet t\u2026 
1513614502.05::RT @Lawrence: If @SenBobCorker votes YES on the tax bill, the #Corkerkickback will be the only thing that will be remembered abou\u2026 
1513614502.2::RT @CREWcrew: Corker could be the deciding vote on the tax bill. A provision was snuck in that could give him a million dollar in\u2026 
1513614502.63::RT @jonrog1: Drag him. https:\/\/t.co\/j2Z6xygjkh
1513614502.77::RT @true_pundit: ICYMI \/ Sen. John McCain returns to Arizona, will miss vote on GOP tax bill https:\/\/t.co\/Hjoii3zEAS
1513614502.89::RT @AlenKarabegovic: Why Bob Corker Flipped To A 'Yes' On Tax Reform In One Simple Chart https:\/\/t.co\/FTzjNtOoz0 #Money #Finance #Economics\u2026
1513614502.94::Stocks open at record highs ahead of tax bill vote https:\/\/t.co\/JMhViraBcE
1513614503.4::RT @PMueller2: #GOPKickbacks  #CorkerKickback #GOPTaxScam https:\/\/t.co\/jpGbPUTAKw
1513614503.55::RT @MaxBoot: I don\u2019t see how defense hawks can in good conscience vote for a tax bill that will add at least $1 trillion to our\u2026 
1513614504.02::RT @TheDailyEdge: This vote to fleece America and enrich Trump should not happen till Doug Jones is seated and Robert Mueller is prot\u2026 
1513614504.17::RT @ScoopDaa: The Senate Tax Bill Is a Scam Upon \"Hard Working\" American #TaxPayers : https:\/\/t.co\/igXG9et7ZN
1513614504.22::GOP faces 5-day scramble to pass tax bill, avoid government shutdown - The Washington Post https:\/\/t.co\/IqzleKR4Q3
1513614504.35::RT @JasonKander: Senator @BobCorker, the only dignified way out is to vote no on the tax bill. \n\n#CorkerKickBack
1513614504.62::RT @AARPadvocates: It costs military veteran Bill Hicks $450\/day to ensure his wife w\/ Parkinson\u2019s disease receives adequate care. The\u2026 
1513614504.8::RT @bbusa617: Sen. John McCain returns to Arizona, will miss vote on GOP tax bill https:\/\/t.co\/0r77af1ygg\n\nWHY IS A LAWMAKER WITH\u2026 
1513614505.2::RT @MickeyFisher73: #CorkerKickback  This phrase will be your legacy @SenBobCorker.  When the consequences of this bill come due, futur\u2026 
1513614505.26::Last Minute Shopping! Dow Jumps 170 Points as Tax Cuts Nearly Done Deal -   https:\/\/t.co\/doMKag6dIN
1513614505.44::RT @peterbakernyt: Trump vows that everyday Americans \"will never be forgotten again.\" But analysts see tax cut bill, net neutrality r\u2026 
1513614505.59::RT @SenFeinstein: The Republican tax bill caps the mortgage interest deduction at $750,000 for new mortgages. In California, seven co\u2026 
1513614505.78::RT @Pink_About_it: We're supposed to believe president Trump is the bad guy for hitting 4% GDP, America first agenda and millions of j\u2026 
1513614505.94::Since when do the Senators voting in favor of this tax bill care about public opinion? https:\/\/t.co\/evA0X45QTA","display_text_range":[0,86],"source":"\u003ca href=\"https:\/\/about.twitter.com\/products\/tweetdeck\" rel=\"nofollow\"\u003eTweetDeck\u003c\/a\u003e","truncated":false,"in_reply_to_status_id":null,"in_reply_to_status_id_str":null,"in_reply_to_user_id":null,"in_reply_to_user_id_str":null,"in_reply_to_screen_name":null,"user":{"id":52040493,"id_str":"52040493","name":"im\ud83c\udf51","screen_name":"vystral","location":"Pittsburgh, PA","url":null,"description":null,"translator_type":"none","protected":false,"verified":false,"followers_count":40,"friends_count":108,"listed_count":2,"favourites_count":80,"statuses_count":2177,"created_at":"Mon Jun 29 12:25:27 +0000 2009","utc_offset":-14400,"time_zone":"Atlantic Time (Canada)","geo_enabled":false,"lang":"en","contributors_enabled":false,"is_translator":false,"profile_background_color":"022330","profile_background_image_url":"http:\/\/abs.twimg.com\/images\/themes\/theme15\/bg.png","profile_background_image_url_https":"https:\/\/abs.twimg.com\/images\/themes\/theme15\/bg.png","profile_background_tile":false,"profile_link_color":"0084B4","profile_sidebar_border_color":"A8C7F7","profile_sidebar_fill_color":"C0DFEC","profile_text_color":"333333","profile_use_background_image":true,"profile_image_url":"http:\/\/pbs.twimg.com\/profile_images\/882643281238163457\/i6r9096J_normal.jpg","profile_image_url_https":"https:\/\/pbs.twimg.com\/profile_images\/882643281238163457\/i6r9096J_normal.jpg","profile_banner_url":"https:\/\/pbs.twimg.com\/profile_banners\/52040493\/1507305111","default_profile":false,"default_profile_image":false,"following":null,"follow_request_sent":null,"notifications":null},"geo":null,"coordinates":null,"place":null,"contributors":null,"quoted_status_id":942793318513000448,"quoted_status_id_str":"942793318513000448","quoted_status":{"created_at":"Mon Dec 18 16:26:58 +0000 2017","id":942793318513000448,"id_str":"942793318513000448"
1513614506.11::RT @davidsirota: Excellent Vox piece on Sen. @JohnCornyn admitting a provision that enriches @BobCorker @SpeakeRyan and top GOP lawm\u2026 
1513614506.35::RT @SenSanders: He promised to pass tax reform that would benefit the middle class, but is now supporting legislation that gives 62\u2026 
1513614506.44::@mkraju @OrrinHatch is a liar. https:\/\/t.co\/lDpQEvIbIR","display_text_range":[8,54],"source":"\u003ca href=\"http:\/\/twitter.com\/download\/iphone\" rel=\"nofollow\"\u003eTwitter for iPhone\u003c\/a\u003e","truncated":false,"in_reply_to_status_id":942789210112700418,"in_reply_to_status_id_str":"942789210112700418","in_reply_to_user_id":39155029,"in_reply_to_user_id_str":"39155029","in_reply_to_screen_name":"mkraju","user":{"id":60984785,"id_str":"60984785","name":"Bryan Healey","screen_name":"Bryan_Healey","location":"Boston, MA","url":"http:\/\/www.bryanhealey.com","description":"Innovation evangelist, technical leader, software architect, and entrepreneur. #machinelearning and #artificialintelligence at @lolatravel; tweets are my own.","translator_type":"none","protected":false,"verified":false,"followers_count":2606,"friends_count":1999,"listed_count":559,"favourites_count":74004,"statuses_count":17284,"created_at":"Tue Jul 28 18:43:19 +0000 2009","utc_offset":-18000,"time_zone":"Eastern Time (US & Canada)","geo_enabled":true,"lang":"en","contributors_enabled":false,"is_translator":false,"profile_background_color":"022330","profile_background_image_url":"http:\/\/abs.twimg.com\/images\/themes\/theme15\/bg.png","profile_background_image_url_https":"https:\/\/abs.twimg.com\/images\/themes\/theme15\/bg.png","profile_background_tile":false,"profile_link_color":"0084B4","profile_sidebar_border_color":"A8C7F7","profile_sidebar_fill_color":"C0DFEC","profile_text_color":"333333","profile_use_background_image":true,"profile_image_url":"http:\/\/pbs.twimg.com\/profile_images\/869565652620718080\/j-Ffhy8C_normal.jpg","profile_image_url_https":"https:\/\/pbs.twimg.com\/profile_images\/869565652620718080\/j-Ffhy8C_normal.jpg","profile_banner_url":"https:\/\/pbs.twimg.com\/profile_banners\/60984785\/1479183634","default_profile":false,"default_profile_image":false,"following":null,"follow_request_sent":null,"notifications":null},"geo":null,"coordinates":null,"place":null,"contributors":null,"is_quote_status":false,"quote_count":0,"reply_count":0,"retweet_count":0,"favorite_count":0,"entities":{"hashtags":[],"urls":[{"url":"https:\/\/t.co\/lDpQEvIbIR","expanded_url":"http:\/\/www.ibtimes.com\/political-capital\/tax-bill-john-cornyn-says-tax-cut-potentially-benefiting-bob-corker-was-part?amp=1#click=https:\/\/t.co\/5spNBNb8Vl","display_url":"ibtimes.com\/political-capi\u2026","indices":[31,54]}],"user_mentions":[{"screen_name":"mkraju","name":"Manu Raju","id":39155029,"id_str":"39155029","indices":[0,7]},{"screen_name":"OrrinHatch","name":"Orrin Hatch","id":18170310,"id_str":"18170310","indices":[8,19]}],"symbols":[]},"favorited":false,"retweeted":false,"possibly_sensitive":false,"filter_level":"low","lang":"en","timestamp_ms":"1513614493205"}

1513614506.56::RT @MaxBoot: I don\u2019t see how defense hawks can in good conscience vote for a tax bill that will add at least $1 trillion to our\u2026 
1513614506.73::RT @Alyssa_Milano: \ud83d\udea8RED ALERT\ud83d\udea8 \n\nThe tax bill vote is Tuesday in the house &amp; Wednesday in the senate. \n\nTHIS IS IT! WE ARE OUT OF TIME\u2026 
1513614506.88::RT @TopherSpiro: I am calling for a total and complete shutdown of the tax bill and extreme vetting of the #CorkerKickback until our\u2026 
1513614507.05::RT @DeanBaker13: Senator Corker does considerably better with the Republican tax bill than a married couple earning $30,000, with tw\u2026 
1513614507.21::RT @railstotrails: Thanks to you, this has been an amazing year for trails! Help us make 2018 even better with your year-end, tax-dedu\u2026 
1513614507.4::Thats because there was no such thing as social media, populated with liberal blue check marks back then, to lie ab\u2026 https:\/\/t.co\/j7nPQYmlHM","display_text_range":[0,140],"source":"\u003ca href=\"http:\/\/twitter.com\/download\/iphone\" rel=\"nofollow\"\u003eTwitter for iPhone\u003c\/a\u003e","truncated":true,"in_reply_to_status_id":null,"in_reply_to_status_id_str":null,"in_reply_to_user_id":null,"in_reply_to_user_id_str":null,"in_reply_to_screen_name":null,"user":{"id":67494190,"id_str":"67494190","name":"Will. Power","screen_name":"KIR_bigg50","location":"Houston","url":null,"description":"Ex Democrat.. Unplugged from the Lib \"Matrix\".. You are a product of your choices, not your circumstances. 4th degree blackbelt in common sense, #AllLivesMatter","translator_type":"none","protected":false,"verified":false,"followers_count":11791,"friends_count":3043,"listed_count":163,"favourites_count":83288,"statuses_count":87059,"created_at":"Fri Aug 21 02:10:59 +0000 2009","utc_offset":-21600,"time_zone":"Central Time (US & Canada)","geo_enabled":true,"lang":"en","contributors_enabled":false,"is_translator":false,"profile_background_color":"94D487","profile_background_image_url":"http:\/\/pbs.twimg.com\/profile_background_images\/632759247743225857\/IYJbEOaa.jpg","profile_background_image_url_https":"https:\/\/pbs.twimg.com\/profile_background_images\/632759247743225857\/IYJbEOaa.jpg","profile_background_tile":true,"profile_link_color":"89C9FA","profile_sidebar_border_color":"FFFFFF","profile_sidebar_fill_color":"DDEEF6","profile_text_color":"333333","profile_use_background_image":true,"profile_image_url":"http:\/\/pbs.twimg.com\/profile_images\/924122498182123520\/bpVgNvLd_normal.jpg","profile_image_url_https":"https:\/\/pbs.twimg.com\/profile_images\/924122498182123520\/bpVgNvLd_normal.jpg","profile_banner_url":"https:\/\/pbs.twimg.com\/profile_banners\/67494190\/1490400653","default_profile":false,"default_profile_image":false,"following":null,"follow_request_sent":null,"notifications":null},"geo":null,"coordinates":null,"place":{"id":"2a9e190efe38237e","url":"https:\/\/api.twitter.com\/1.1\/geo\/id\/2a9e190efe38237e.json","place_type":"city","name":"Mission Bend","full_name":"Mission Bend, TX","country_code":"US","country":"United States","bounding_box":{"type":"Polygon","coordinates":[[[-95.681932,29.680892],[-95.681932,29.719902],[-95.634200,29.719902],[-95.634200,29.680892]]]},"attributes":{}},"contributors":null,"quoted_status_id":942792694446817281,"quoted_status_id_str":"942792694446817281","quoted_status":{"created_at":"Mon Dec 18 16:24:29 +0000 2017","id":942792694446817281,"id_str":"942792694446817281"
1513614507.57::RT @RealMattCouch: Things that piss off Liberals\n\n-America First\n-Prayer\n-Safety of Police &amp; Military\n-Tax Breaks\n-Rocking Economy\n-No\u2026 
1513614507.74::RT @MichaelSLinden: By now, most Americans know this tax bill is terrible. We know it's unfair, it's a giveaway to the rich, it cuts he\u2026 
1513614507.9::RT @JulianAssange: 2\/ Strangely, at the same time in the US, the \"Freedom of the Press\" foundation (FPF) has told us it will shut down\u2026 
1513614508.02::RT @thedavidcrosby: For whatever it\u2019s worth, I think we need to reiterate over and over that only 30% of the American people support th\u2026 
1513614508.19::Protest the tax bill today at noon at Sen. Portman's office on Broad St. https:\/\/t.co\/sTiLYDlGTZ","display_text_range":[0,72],"source":"\u003ca href=\"http:\/\/twitter.com\" rel=\"nofollow\"\u003eTwitter Web Client\u003c\/a\u003e","truncated":false,"in_reply_to_status_id":null,"in_reply_to_status_id_str":null,"in_reply_to_user_id":null,"in_reply_to_user_id_str":null,"in_reply_to_screen_name":null,"user":{"id":15281574,"id_str":"15281574","name":"Mary Jo Kilroy","screen_name":"MaryJoKilroy","location":"Columbus, Ohio","url":null,"description":"Neighbor, Volunteer, Attorney, Former Member of Congress","translator_type":"none","protected":false,"verified":false,"followers_count":5187,"friends_count":2468,"listed_count":299,"favourites_count":394,"statuses_count":3562,"created_at":"Mon Jun 30 19:30:41 +0000 2008","utc_offset":-18000,"time_zone":"Eastern Time (US & Canada)","geo_enabled":false,"lang":"en","contributors_enabled":false,"is_translator":false,"profile_background_color":"C0DEED","profile_background_image_url":"http:\/\/abs.twimg.com\/images\/themes\/theme1\/bg.png","profile_background_image_url_https":"https:\/\/abs.twimg.com\/images\/themes\/theme1\/bg.png","profile_background_tile":false,"profile_link_color":"1DA1F2","profile_sidebar_border_color":"C0DEED","profile_sidebar_fill_color":"DDEEF6","profile_text_color":"333333","profile_use_background_image":true,"profile_image_url":"http:\/\/pbs.twimg.com\/profile_images\/458295275052752896\/U4DlqRqr_normal.png","profile_image_url_https":"https:\/\/pbs.twimg.com\/profile_images\/458295275052752896\/U4DlqRqr_normal.png","profile_banner_url":"https:\/\/pbs.twimg.com\/profile_banners\/15281574\/1411796168","default_profile":true,"default_profile_image":false,"following":null,"follow_request_sent":null,"notifications":null},"geo":null,"coordinates":null,"place":null,"contributors":null,"quoted_status_id":942787436056317952,"quoted_status_id_str":"942787436056317952","quoted_status":{"created_at":"Mon Dec 18 16:03:35 +0000 2017","id":942787436056317952,"id_str":"942787436056317952"
1513614508.28::@FoxNews The fact matter is that this country is so reluctant to improve our infrastructure. Politicians care about\u2026 https:\/\/t.co\/P6w94qiay6","display_text_range":[9,140],"source":"\u003ca href=\"http:\/\/twitter.com\/#!\/download\/ipad\" rel=\"nofollow\"\u003eTwitter for iPad\u003c\/a\u003e","truncated":true,"in_reply_to_status_id":942791247906951173,"in_reply_to_status_id_str":"942791247906951173","in_reply_to_user_id":1367531,"in_reply_to_user_id_str":"1367531","in_reply_to_screen_name":"FoxNews","user":{"id":395675162,"id_str":"395675162","name":"Randy","screen_name":"rxerezburgos","location":"Jersey City, NJ","url":null,"description":"#Mets #NYR I like to eat, travel, and read. Opinions are my own. A proud liberal snowflake. Progressive. #resist","translator_type":"none","protected":false,"verified":false,"followers_count":233,"friends_count":544,"listed_count":11,"favourites_count":6555,"statuses_count":17872,"created_at":"Sat Oct 22 02:03:44 +0000 2011","utc_offset":-18000,"time_zone":"Eastern Time (US & Canada)","geo_enabled":false,"lang":"en","contributors_enabled":false,"is_translator":false,"profile_background_color":"000000","profile_background_image_url":"http:\/\/abs.twimg.com\/images\/themes\/theme1\/bg.png","profile_background_image_url_https":"https:\/\/abs.twimg.com\/images\/themes\/theme1\/bg.png","profile_background_tile":false,"profile_link_color":"89C9FA","profile_sidebar_border_color":"000000","profile_sidebar_fill_color":"000000","profile_text_color":"000000","profile_use_background_image":false,"profile_image_url":"http:\/\/pbs.twimg.com\/profile_images\/859894578303959041\/x7qgVbSB_normal.jpg","profile_image_url_https":"https:\/\/pbs.twimg.com\/profile_images\/859894578303959041\/x7qgVbSB_normal.jpg","profile_banner_url":"https:\/\/pbs.twimg.com\/profile_banners\/395675162\/1478903772","default_profile":false,"default_profile_image":false,"following":null,"follow_request_sent":null,"notifications":null},"geo":null,"coordinates":null,"place":null,"contributors":null,"is_quote_status":false,"extended_tweet":{"full_text":"@FoxNews The fact matter is that this country is so reluctant to improve our infrastructure. Politicians care about giving huge tax cuts to the rich not investment on our infrastructure.","display_text_range":[9,186],"entities":{"hashtags":[],"urls":[],"user_mentions":[{"screen_name":"FoxNews","name":"Fox News","id":1367531,"id_str":"1367531","indices":[0,8]}],"symbols":[]}},"quote_count":0,"reply_count":0,"retweet_count":0,"favorite_count":0,"entities":{"hashtags":[],"urls":[{"url":"https:\/\/t.co\/P6w94qiay6","expanded_url":"https:\/\/twitter.com\/i\/web\/status\/942793602257825794","display_url":"twitter.com\/i\/web\/status\/9\u2026","indices":[117,140]}],"user_mentions":[{"screen_name":"FoxNews","name":"Fox News","id":1367531,"id_str":"1367531","indices":[0,8]}],"symbols":[]},"favorited":false,"retweeted":false,"filter_level":"low","lang":"en","timestamp_ms":"1513614485693"}

1513614508.81::RT @mmpadellan: Any tax policy that affects so many MILLIONS of people should NOT hinge on one corrupt politician lining his pocket\u2026 
1513614509.23::RT @CraigCaplan: CBO score on tax reform bill: \"Reduces revenues by about $1,649B &amp; decrease outlays by about $194B over 2018 -2027\u2026 
1513614509.28::Get Started: How tax bill agreement would affect businesses https:\/\/t.co\/BgXgjviQgP
1513614509.44::I think this is wonderful! Motivate people to work again and get to keep more of their OWN money! Good show! https:\/\/t.co\/MsZNyF0iZI","display_text_range":[0,108],"source":"\u003ca href=\"http:\/\/twitter.com\" rel=\"nofollow\"\u003eTwitter Web Client\u003c\/a\u003e","truncated":false,"in_reply_to_status_id":null,"in_reply_to_status_id_str":null,"in_reply_to_user_id":null,"in_reply_to_user_id_str":null,"in_reply_to_screen_name":null,"user":{"id":104853799,"id_str":"104853799","name":"EFolsom","screen_name":"folsominc2","location":null,"url":"http:\/\/www.bettsefolsom.com","description":null,"translator_type":"none","protected":false,"verified":false,"followers_count":95,"friends_count":343,"listed_count":2,"favourites_count":4225,"statuses_count":2144,"created_at":"Thu Jan 14 16:12:55 +0000 2010","utc_offset":-36000,"time_zone":"Hawaii","geo_enabled":false,"lang":"en","contributors_enabled":false,"is_translator":false,"profile_background_color":"EDECE9","profile_background_image_url":"http:\/\/abs.twimg.com\/images\/themes\/theme3\/bg.gif","profile_background_image_url_https":"https:\/\/abs.twimg.com\/images\/themes\/theme3\/bg.gif","profile_background_tile":true,"profile_link_color":"E81C4F","profile_sidebar_border_color":"D3D2CF","profile_sidebar_fill_color":"E3E2DE","profile_text_color":"634047","profile_use_background_image":true,"profile_image_url":"http:\/\/pbs.twimg.com\/profile_images\/878656015146786816\/lQ7jnv08_normal.jpg","profile_image_url_https":"https:\/\/pbs.twimg.com\/profile_images\/878656015146786816\/lQ7jnv08_normal.jpg","profile_banner_url":"https:\/\/pbs.twimg.com\/profile_banners\/104853799\/1495137161","default_profile":false,"default_profile_image":false,"following":null,"follow_request_sent":null,"notifications":null},"geo":null,"coordinates":null,"place":null,"contributors":null,"quoted_status_id":941818426703491072,"quoted_status_id_str":"941818426703491072","quoted_status":{"created_at":"Fri Dec 15 23:53:05 +0000 2017","id":941818426703491072,"id_str":"941818426703491072"
1513614509.54::Trump predicts exoneration in Russia investigation as allies fear a 'meltdown' @CNNPolitics https:\/\/t.co\/J9OjqyLeDO\u2026 https:\/\/t.co\/P8AOOOnMd4
1513614509.64::Do you like the TransitPass you get from your employer each month to help offset the ridiculous cost of NJ Transit?\u2026 https:\/\/t.co\/6FLdw1802P
1513614510.06::RT @samstein: A month before passage, the 2001 Bush tax cuts polled at 56% approve, 35% disapprove by Gallup\u2026 
1513614510.47::RT @Destroy_ALEC: Wrong!\nMy 2018 taxes will go up by $1,000 &amp; my income sucks\nthe personal exemption (1040 line 42)  times number of\u2026 
1513614510.6::RT @SusannaMatte: When money speaks louder than democracy and the Constitution. Why GOP still back a corrupt President... Greed. Foll\u2026 
1513614510.77::RT @charliekirk11: Did you know the tax bill:\n\nEliminates over 4 trillion dollars in special deductions rigged to help the wealthy &amp; w\u2026 
1513614510.93::@JoyAnnReid ? https:\/\/t.co\/5IEIi5w7rE","display_text_range":[0,13],"source":"\u003ca href=\"http:\/\/twitter.com\" rel=\"nofollow\"\u003eTwitter Web Client\u003c\/a\u003e","truncated":false,"in_reply_to_status_id":null,"in_reply_to_status_id_str":null,"in_reply_to_user_id":49698134,"in_reply_to_user_id_str":"49698134","in_reply_to_screen_name":"JoyAnnReid","user":{"id":44313316,"id_str":"44313316","name":"Erik van Lennep","screen_name":"Green_Heart","location":"Europe","url":"http:\/\/ie.linkedin.com\/in\/erikvanlennep\/","description":"Climate Innovator, Change-Maker: Educator, Trainer. Sustainable Innovation and Strategy Consultant & Designer","translator_type":"none","protected":false,"verified":false,"followers_count":729,"friends_count":1560,"listed_count":26,"favourites_count":7637,"statuses_count":16522,"created_at":"Wed Jun 03 07:11:46 +0000 2009","utc_offset":0,"time_zone":"Dublin","geo_enabled":false,"lang":"en","contributors_enabled":false,"is_translator":false,"profile_background_color":"041707","profile_background_image_url":"http:\/\/pbs.twimg.com\/profile_background_images\/22801592\/selenicereus.png","profile_background_image_url_https":"https:\/\/pbs.twimg.com\/profile_background_images\/22801592\/selenicereus.png","profile_background_tile":false,"profile_link_color":"94D487","profile_sidebar_border_color":"7CDB48","profile_sidebar_fill_color":"BDC42F","profile_text_color":"343608","profile_use_background_image":true,"profile_image_url":"http:\/\/pbs.twimg.com\/profile_images\/884847105533243392\/Dh1mk19C_normal.jpg","profile_image_url_https":"https:\/\/pbs.twimg.com\/profile_images\/884847105533243392\/Dh1mk19C_normal.jpg","profile_banner_url":"https:\/\/pbs.twimg.com\/profile_banners\/44313316\/1509559320","default_profile":false,"default_profile_image":false,"following":null,"follow_request_sent":null,"notifications":null},"geo":null,"coordinates":null,"place":null,"contributors":null,"quoted_status_id":942454422742773761,"quoted_status_id_str":"942454422742773761","quoted_status":{"created_at":"Sun Dec 17 18:00:18 +0000 2017","id":942454422742773761,"id_str":"942454422742773761"
1513614511.07::RT @funder: Senator Corker is one of many Republicans who tailored this corrupt tax bill so they would personally benefit from\u2026 
1513614511.17::@ImaTrumpBuster @Kris_Sacrebleu I'm traveling to DC to protest the tax bill and everything else.  I hope you will t\u2026 https:\/\/t.co\/FhVXvg89xc","display_text_range":[32,140],"source":"\u003ca href=\"http:\/\/twitter.com\" rel=\"nofollow\"\u003eTwitter Web Client\u003c\/a\u003e","truncated":true,"in_reply_to_status_id":942791992366346240,"in_reply_to_status_id_str":"942791992366346240","in_reply_to_user_id":816080848361402368,"in_reply_to_user_id_str":"816080848361402368","in_reply_to_screen_name":"ImaTrumpBuster","user":{"id":23058640,"id_str":"23058640","name":"BryanInOregon","screen_name":"BryanInOregon","location":"Oregon","url":"https:\/\/splatterheadjones.bandcamp.com\/releases","description":"Musician Surveyor NonViolent Liberal Berner Atheist Environment AnimalRights Sustainability Justice Beauty Art Love Joy Peace  \u00af\\_(\u30c4)_\/\u00af","translator_type":"none","protected":false,"verified":false,"followers_count":346,"friends_count":742,"listed_count":9,"favourites_count":1230,"statuses_count":6195,"created_at":"Fri Mar 06 12:41:41 +0000 2009","utc_offset":-32400,"time_zone":"Alaska","geo_enabled":false,"lang":"en","contributors_enabled":false,"is_translator":false,"profile_background_color":"000000","profile_background_image_url":"http:\/\/abs.twimg.com\/images\/themes\/theme9\/bg.gif","profile_background_image_url_https":"https:\/\/abs.twimg.com\/images\/themes\/theme9\/bg.gif","profile_background_tile":false,"profile_link_color":"19CF86","profile_sidebar_border_color":"000000","profile_sidebar_fill_color":"000000","profile_text_color":"000000","profile_use_background_image":false,"profile_image_url":"http:\/\/pbs.twimg.com\/profile_images\/940446046265622528\/4sXcCn8f_normal.jpg","profile_image_url_https":"https:\/\/pbs.twimg.com\/profile_images\/940446046265622528\/4sXcCn8f_normal.jpg","profile_banner_url":"https:\/\/pbs.twimg.com\/profile_banners\/23058640\/1513137957","default_profile":false,"default_profile_image":false,"following":null,"follow_request_sent":null,"notifications":null},"geo":null,"coordinates":null,"place":null,"contributors":null,"is_quote_status":false,"extended_tweet":{"full_text":"@ImaTrumpBuster @Kris_Sacrebleu I'm traveling to DC to protest the tax bill and everything else.  I hope you will too if you are able.  Wish me luck and safety.  Peace  =j","display_text_range":[32,171],"entities":{"hashtags":[],"urls":[],"user_mentions":[{"screen_name":"ImaTrumpBuster","name":"Resistor","id":816080848361402368,"id_str":"816080848361402368","indices":[0,15]},{"screen_name":"Kris_Sacrebleu","name":"(((DuneMyThang\u2122)))","id":32522055,"id_str":"32522055","indices":[16,31]}],"symbols":[]}},"quote_count":0,"reply_count":0,"retweet_count":0,"favorite_count":0,"entities":{"hashtags":[],"urls":[{"url":"https:\/\/t.co\/FhVXvg89xc","expanded_url":"https:\/\/twitter.com\/i\/web\/status\/942793639901532160","display_url":"twitter.com\/i\/web\/status\/9\u2026","indices":[117,140]}],"user_mentions":[{"screen_name":"ImaTrumpBuster","name":"Resistor","id":816080848361402368,"id_str":"816080848361402368","indices":[0,15]},{"screen_name":"Kris_Sacrebleu","name":"(((DuneMyThang\u2122)))","id":32522055,"id_str":"32522055","indices":[16,31]}],"symbols":[]},"favorited":false,"retweeted":false,"filter_level":"low","lang":"en","timestamp_ms":"1513614494668"}

1513614511.34::RT @eorlins: This is our last chance. \n\nPlease @SenatorCollins &amp; @JeffFlake do the right thing. \n\nEVERYONE: get on the phone and\u2026 
1513614511.48::RT @jenniferholton7: @JohnCornyn As a constituent (75080) and an oncology nurse, I want to express my concern about the impact this tax\u2026 
1513614511.92::RT @SenatorTomUdall: UPDATE: A last minute addition to the #GOPTaxScam would personally enrich President Trump, his family, and other bi\u2026 
1513614512.06::RT @davidsirota: Reminder to those working on Capitol Hill -- if you know which legislator or staffer inserted the provision enrichi\u2026 
1513614512.56::RT @danpfeiffer: There was a time when legislators traded their votes for benefits for their constituents, now they just take bribes\u2026 
1513614512.66::Survey: Main Street Mixed on Whether Federal Tax Reform Would Benefit their Business https:\/\/t.co\/VflG0nomJR https:\/\/t.co\/FDjun0wx4N","display_text_range":[0,108],"source":"\u003ca href=\"http:\/\/dynamicsignal.com\/\" rel=\"nofollow\"\u003eVoiceStorm\u003c\/a\u003e","truncated":false,"in_reply_to_status_id":null,"in_reply_to_status_id_str":null,"in_reply_to_user_id":null,"in_reply_to_user_id_str":null,"in_reply_to_screen_name":null,"user":{"id":818478012777857027,"id_str":"818478012777857027","name":"Chad Hardy","screen_name":"Chad_Hardy_","location":"Boston, MA","url":"http:\/\/www.paychex.com","description":"Paychex Major Market Sales Consultant\nChardy@paychex.com","translator_type":"none","protected":false,"verified":false,"followers_count":127,"friends_count":230,"listed_count":14,"favourites_count":141,"statuses_count":866,"created_at":"Mon Jan 09 15:22:19 +0000 2017","utc_offset":null,"time_zone":null,"geo_enabled":false,"lang":"en","contributors_enabled":false,"is_translator":false,"profile_background_color":"000000","profile_background_image_url":"http:\/\/abs.twimg.com\/images\/themes\/theme1\/bg.png","profile_background_image_url_https":"https:\/\/abs.twimg.com\/images\/themes\/theme1\/bg.png","profile_background_tile":false,"profile_link_color":"1B95E0","profile_sidebar_border_color":"000000","profile_sidebar_fill_color":"000000","profile_text_color":"000000","profile_use_background_image":false,"profile_image_url":"http:\/\/pbs.twimg.com\/profile_images\/821751693536792576\/bZMPTnNr_normal.jpg","profile_image_url_https":"https:\/\/pbs.twimg.com\/profile_images\/821751693536792576\/bZMPTnNr_normal.jpg","profile_banner_url":"https:\/\/pbs.twimg.com\/profile_banners\/818478012777857027\/1490969476","default_profile":false,"default_profile_image":false,"following":null,"follow_request_sent":null,"notifications":null},"geo":null,"coordinates":null,"place":null,"contributors":null,"is_quote_status":false,"quote_count":0,"reply_count":0,"retweet_count":0,"favorite_count":0,"entities":{"hashtags":[],"urls":[{"url":"https:\/\/t.co\/VflG0nomJR","expanded_url":"http:\/\/dy.si\/ZD9mZ","display_url":"dy.si\/ZD9mZ","indices":[85,108]}],"user_mentions":[],"symbols":[],"media":[{"id":942793638337069056,"id_str":"942793638337069056","indices":[109,132],"media_url":"http:\/\/pbs.twimg.com\/media\/DRV50aWUQAAkUiU.jpg","media_url_https":"https:\/\/pbs.twimg.com\/media\/DRV50aWUQAAkUiU.jpg","url":"https:\/\/t.co\/FDjun0wx4N","display_url":"pic.twitter.com\/FDjun0wx4N","expanded_url":"https:\/\/twitter.com\/Chad_Hardy_\/status\/942793640908275712\/photo\/1","type":"photo","sizes":{"large":{"w":639,"h":370,"resize":"fit"},"thumb":{"w":150,"h":150,"resize":"crop"},"medium":{"w":639,"h":370,"resize":"fit"},"small":{"w":639,"h":370,"resize":"fit"}}}]},"extended_entities":{"media":[{"id":942793638337069056,"id_str":"942793638337069056","indices":[109,132],"media_url":"http:\/\/pbs.twimg.com\/media\/DRV50aWUQAAkUiU.jpg","media_url_https":"https:\/\/pbs.twimg.com\/media\/DRV50aWUQAAkUiU.jpg","url":"https:\/\/t.co\/FDjun0wx4N","display_url":"pic.twitter.com\/FDjun0wx4N","expanded_url":"https:\/\/twitter.com\/Chad_Hardy_\/status\/942793640908275712\/photo\/1","type":"photo","sizes":{"large":{"w":639,"h":370,"resize":"fit"},"thumb":{"w":150,"h":150,"resize":"crop"},"medium":{"w":639,"h":370,"resize":"fit"},"small":{"w":639,"h":370,"resize":"fit"}}}]},"favorited":false,"retweeted":false,"possibly_sensitive":false,"filter_level":"low","lang":"en","timestamp_ms":"1513614494908"}

1513614513.09::RT @jonfavs: Republican is disgusted that a journalist read the bill and discovered a loophole that would allow real estate mogu\u2026 
1513614513.41::RT @MicahTNDC: NEW: @senorrinhatch responds to @SenBobCorker: \"I am disgusted by press reports that have distorted one particular\u2026 
1513614513.5::RT @TaoGypsySoul: Tax Bill steals 1.5 TRILLION Dollars From Millenials\nhttps:\/\/t.co\/twpeZfXOkd
1513614513.98::RT @jonfavs: Republican is disgusted that a journalist read the bill and discovered a loophole that would allow real estate mogu\u2026 
1513614514.09::RT @SteveBannen: The best part of the Republican tax bill is that with less revenue to the government, Democrats will have less mone\u2026 
1513614514.24::RT @JohnWDean: If this reporting is correct it reeks of bribery to get Corker\u2019s vote while giving even more tax breaks to Trump. T\u2026 
1513614514.77::RT @fawfulfan: What is left to \u201creview,\u201d @SenatorCollins?\n\nYou said your vote depended on stabilizing insurance markets and keepin\u2026 
1513614514.95::RT @DeanBaker13: Senator Corker does considerably better with the Republican tax bill than a married couple earning $30,000, with tw\u2026 
1513614515.05::Is this Sen Cornyn\u2019s idea of competent legislation? \u201cWhat we've tried to do is cobble together the votes we needed\u2026 https:\/\/t.co\/xzyzK9MMJP
1513614515.23::RT @MichaelSLinden: @DLeonhardt @genebsperling Finally, this tax bill is incredibly distortionary. Conservatives used to be the ones to\u2026 
1513614515.71::RT @neeratanden: And they are on the verge of passing a tax bill that will make it easier to send jobs overseas.  He betrayed you Tr\u2026 
1513614515.86::RT @tedcruz: GOOD NEWS: Final text of Tax Cuts and Jobs Act includes my Student Opportunity Amendment to expand 529 plans so you\u2026 
1513614516.52::RT @DemWrite: RT\n\n@SenBobCorker: After voting against the Senate version, then pledging support for this conference bill that off\u2026 
1513614516.78::RT @45_Committee: #Taxreform will help grow our economy while benefiting hardworking middle class Americans &amp; their families. Tell yo\u2026 
1513614516.93::RT @MichaelSLinden: @DLeonhardt @genebsperling @davidckamin @lilybatch There you go. 5 ways the tax bill is terrible for the economy, b\u2026 
1513614517.04::RT @tedcruz: GOOD NEWS: Final text of Tax Cuts and Jobs Act includes my Student Opportunity Amendment to expand 529 plans so you\u2026 
1513614517.08::https:\/\/t.co\/lbHlJpKry4
1513614517.18::RT @JasonKander: Senator @BobCorker, the only dignified way out is to vote no on the tax bill. \n\n#CorkerKickBack
1513614517.3::RT @BFriedmanDC: To attract companies that spent $29 *billion* constructing new facilities, this Louisiana parish has given them a $\u2026 
1513614517.37::FL 1 and NY 50 in latest IRS tax migration.  Taxes \/ business climate matter. Glad to have worked with @NTU Preside\u2026 https:\/\/t.co\/a4XhlGZGoy
1513614517.45::RT @charliekirk11: Did you know the tax bill:\n\nEliminates over 4 trillion dollars in special deductions rigged to help the wealthy &amp; w\u2026 
1513614517.53::@cathymcmorris Daily Caller and Fox News? These are the people you talk to while ignoring your constituents. How mu\u2026 https:\/\/t.co\/Y9fFbzj5lv","display_text_range":[15,140],"source":"\u003ca href=\"http:\/\/twitter.com\/download\/android\" rel=\"nofollow\"\u003eTwitter for Android\u003c\/a\u003e","truncated":true,"in_reply_to_status_id":942788547655770113,"in_reply_to_status_id_str":"942788547655770113","in_reply_to_user_id":17976923,"in_reply_to_user_id_str":"17976923","in_reply_to_screen_name":"cathymcmorris","user":{"id":795999251419410432,"id_str":"795999251419410432","name":"Pamela Crawford","screen_name":"Ulaloupjc","location":null,"url":null,"description":"I believe in the power of America, and her ability to be the greatest force for good on the planet. Trump and current GOP must go.","translator_type":"none","protected":false,"verified":false,"followers_count":47,"friends_count":384,"listed_count":0,"favourites_count":636,"statuses_count":404,"created_at":"Tue Nov 08 14:39:45 +0000 2016","utc_offset":-28800,"time_zone":"Pacific Time (US & Canada)","geo_enabled":false,"lang":"en","contributors_enabled":false,"is_translator":false,"profile_background_color":"F5F8FA","profile_background_image_url":"","profile_background_image_url_https":"","profile_background_tile":false,"profile_link_color":"1DA1F2","profile_sidebar_border_color":"C0DEED","profile_sidebar_fill_color":"DDEEF6","profile_text_color":"333333","profile_use_background_image":true,"profile_image_url":"http:\/\/pbs.twimg.com\/profile_images\/819342150592700417\/I-A4t3dm_normal.jpg","profile_image_url_https":"https:\/\/pbs.twimg.com\/profile_images\/819342150592700417\/I-A4t3dm_normal.jpg","default_profile":true,"default_profile_image":false,"following":null,"follow_request_sent":null,"notifications":null},"geo":null,"coordinates":null,"place":null,"contributors":null,"is_quote_status":false,"extended_tweet":{"full_text":"@cathymcmorris Daily Caller and Fox News? These are the people you talk to while ignoring your constituents. How much are you benefitting from this tax plan? How much money have you taken from @comcast and @DaVita and other big corps? You are corrupt and unfit for office. Resign!","display_text_range":[15,280],"entities":{"hashtags":[],"urls":[],"user_mentions":[{"screen_name":"cathymcmorris","name":"CathyMcMorrisRodgers","id":17976923,"id_str":"17976923","indices":[0,14]},{"screen_name":"comcast","name":"Comcast","id":89587925,"id_str":"89587925","indices":[193,201]},{"screen_name":"DaVita","name":"DaVita Kidney Care","id":28676469,"id_str":"28676469","indices":[206,213]}],"symbols":[]}},"quote_count":0,"reply_count":0,"retweet_count":0,"favorite_count":0,"entities":{"hashtags":[],"urls":[{"url":"https:\/\/t.co\/Y9fFbzj5lv","expanded_url":"https:\/\/twitter.com\/i\/web\/status\/942793646943879169","display_url":"twitter.com\/i\/web\/status\/9\u2026","indices":[117,140]}],"user_mentions":[{"screen_name":"cathymcmorris","name":"CathyMcMorrisRodgers","id":17976923,"id_str":"17976923","indices":[0,14]}],"symbols":[]},"favorited":false,"retweeted":false,"filter_level":"low","lang":"en","timestamp_ms":"1513614496347"}

1513614517.85::RT @AARPadvocates: It costs military veteran Bill Hicks $450\/day to ensure his wife w\/ Parkinson\u2019s disease receives adequate care. The\u2026 
1513614518.0::RT @ezraklein: There is something wrong with a political system where the presidency is won on a populist message and the resultin\u2026 
1513614518.14::RT @davidsirota: When @OrrinHatch responds today, remember: @SenBobCorker voted against a tax bill when it restricted his ability to\u2026 
1513614518.63::RT @BlissTabitha: It's no wonder the left can afford to protest everyday, while everyone else is working.I'm getting SO TIRED of read\u2026 
1513614518.78::RT @LittleLobbyists: .@SenBobCorker, you looked us in the eye, said you cared abt our kids &amp; the effect the tax bill deficit wld have on\u2026 
1513614519.07::RT @GOP: .@IvankaTrump reminded Americans about a very important thing when it comes to the tax bill. https:\/\/t.co\/ucB6U8oFUr
1513614519.53::RT @DickDurbin: There will be people in Illinois that will lose health insurance protection because of this provision. What else do\u2026 
1513614519.63::You are so right! https:\/\/t.co\/3wIhEuHRUi","display_text_range":[0,17],"source":"\u003ca href=\"http:\/\/twitter.com\" rel=\"nofollow\"\u003eTwitter Web Client\u003c\/a\u003e","truncated":false,"in_reply_to_status_id":null,"in_reply_to_status_id_str":null,"in_reply_to_user_id":null,"in_reply_to_user_id_str":null,"in_reply_to_screen_name":null,"user":{"id":3316307194,"id_str":"3316307194","name":"Jerome Paulson","screen_name":"envirohealthdoc","location":"Alexandria, VA","url":"http:\/\/www.envirohealthdoctor.com","description":"pediatrician with focus on environmental health and advocacy; husband; grandparent; supporter of the arts. views and opinions my own","translator_type":"none","protected":false,"verified":false,"followers_count":256,"friends_count":193,"listed_count":18,"favourites_count":1751,"statuses_count":3306,"created_at":"Tue Jun 09 23:57:17 +0000 2015","utc_offset":-18000,"time_zone":"Eastern Time (US & Canada)","geo_enabled":false,"lang":"en","contributors_enabled":false,"is_translator":false,"profile_background_color":"C0DEED","profile_background_image_url":"http:\/\/abs.twimg.com\/images\/themes\/theme1\/bg.png","profile_background_image_url_https":"https:\/\/abs.twimg.com\/images\/themes\/theme1\/bg.png","profile_background_tile":false,"profile_link_color":"1DA1F2","profile_sidebar_border_color":"C0DEED","profile_sidebar_fill_color":"DDEEF6","profile_text_color":"333333","profile_use_background_image":true,"profile_image_url":"http:\/\/pbs.twimg.com\/profile_images\/797281207193047041\/GqTpL1nU_normal.jpg","profile_image_url_https":"https:\/\/pbs.twimg.com\/profile_images\/797281207193047041\/GqTpL1nU_normal.jpg","default_profile":true,"default_profile_image":false,"following":null,"follow_request_sent":null,"notifications":null},"geo":null,"coordinates":null,"place":null,"contributors":null,"quoted_status_id":942779490937253888,"quoted_status_id_str":"942779490937253888","quoted_status":{"created_at":"Mon Dec 18 15:32:01 +0000 2017","id":942779490937253888,"id_str":"942779490937253888"
1513614519.75::RT @Alyssa_Milano: \ud83d\udea8RED ALERT\ud83d\udea8 \n\nThe tax bill vote is Tuesday in the house &amp; Wednesday in the senate. \n\nTHIS IS IT! WE ARE OUT OF TIME\u2026 
1513614519.86::RT @tedcruz: GOOD NEWS: Final text of Tax Cuts and Jobs Act includes my Student Opportunity Amendment to expand 529 plans so you\u2026 
1513614520.08::RT @realDonaldTrump: As a candidate, I promised we would pass a massive TAX CUT for the everyday working American families who are the b\u2026 
